EventId,EventTemplate,Occurrences
d1d96458,[instance: <*>] Claim successful on node parisaserver,1160
50e0ef31,[instance: <*>] Creating image,1159
2e47b0f0,Successfully plugged vif VIFOpenVSwitch,982
e62ddd64,[instance: <*>] VM Started (Lifecycle Event),1347
3f57c2b3,[instance: <*>] VM Paused (Lifecycle Event),1343
47f4680b,[instance: <*>] During sync_power_state the instance has a pending task <*> Skip.,2220
16b764ff,[instance: <*>] VM Resumed (Lifecycle Event),1033
796fd834,[instance: <*>] Instance spawned successfully.,996
9f276c62,[instance: <*>] Took <*> seconds to spawn the instance on the hypervisor.,996
e51c49ab,[instance: <*>] Took <*> seconds to build instance.,996
06476222,[instance: <*>] Terminating instance,1196
93995b30,[instance: <*>] Instance destroyed successfully.,1218
65125521,Successfully unplugged vif VIFOpenVSwitch,974
8ab37e7b,[instance: <*>] Deleting instance files <*>/<*>_del,1143
5368444d,[instance: <*>] Deletion of <*>/<*>_del complete,1340
a4ab0dee,[instance: <*>] Took <*> seconds to destroy the instance on the hypervisor.,1196
74098f89,[instance: <*>] VM Stopped (Lifecycle Event),1333
ba413d06,req-<*> service nova] [instance: <*>] Neutron deleted interface <*>; detaching it from the instance and deleting it from the info cache,652
652a820e,[instance: <*>] Took <*> seconds to deallocate network for instance.,1200
597630e5,Deleted allocation for instance <*>,1146
63184ec7,Error from libvirt while getting description of <*> [Error Code <*>] Domain not found: no domain with matching uuid '<*>' <*> <*>Error: Domain not found: no domain with matching uuid '<*>' <*>,83
904416f0,image <*> at (<*>): checking,19
b36febb0,Active base files: <*>,19
7d8b6b51,"While synchronizing instance power states, found <*> instances in the database and <*> instances on the hypervisor.",45
53949758,"Periodic task is updating the host stats, it is trying to get disk info for <*> but the backing disk storage was removed by a concurrent operation such as resize. Error: No disk at <*>/<*><*>: <*>.DiskNotFound: No disk at <*>/<*><*>",25
401a7c1f,"Instance <*> is not being actively managed by this compute host but has allocations referencing this compute host: {'resources': {'DISK_GB': <*>, 'MEMORY_MB': <*>, 'VCPU': <*>}}. Skipping heal of allocation because we do not know what to do.",9
ac5a03f2,tcp:<*>:<*>: send error: Broken pipe,1
1f995025,tcp:<*>:<*>: connection dropped (Broken pipe),1
d4a152da,Instance <*> has allocations against this compute host but is not found in the database.,11
dd62a5b1,Error updating resources for node parisaserver.: <*>Error: Node device not found: no node device with matching name 'net_tap<*>a<*>b_<*>_fe_<*>_<*>e_<*>_be_<*>',1
e1f02033,(most recent call last):,3
0301c5d6,"""<*>/<*>"", line <*>, in _update_available_resource_for_node",1
18b6c606,startup=startup),2
c7fbffda,"""<*><*>"", line <*>, in update_available_resource",1
d49fa4b2,= <*>_available_resource(nodename),2
dbae971c,"""<*>/<*>"", line <*>, in get_available_resource",1
419a9b25,= self._get_pci_passthrough_devices(),2
75d9f4c8,"""<*>/<*>"", line <*>, in _get_pci_passthrough_devices",1
72bcefc2,"= [dev for dev in <*>() if ""net"" in <*>Caps()]",2
be34306a,"""<*>/<*>"", line <*>, in <listcomp>",1
a141e272,"""<*>/<*><*>/<*>"", line <*>, in listCaps",1
e26f26cf,libvirtError('virNodeDeviceListCaps() failed'),1
df13dbb2,Node device not found: no node device with matching name 'net_tap<*>a<*>b_<*>_fe_<*>_<*>e_<*>_be_<*>',1
a908c305,<*> virtual size <*> larger than flavor root disk size <*>,1
16484c33,"[instance: <*>] Instance failed to spawn: <*>.FlavorDiskSmallerThanImage: Flavor's disk is too small for requested image. Flavor disk is <*> bytes, image is <*> bytes.",1
d50729f5,[-] Successfully unplugged vif VIFOpenVSwitch,238
c9a69f78,"[instance: <*>] Build of instance <*> aborted: Flavor's disk is too small for requested image. Flavor disk is <*> bytes, image is <*> bytes.: <*>.BuildAbortException: Build of instance <*> aborted: Flavor's disk is too small for requested image. Flavor disk is <*> bytes, image is <*> bytes.",1
3d2a0ccb,[-] Successfully plugged vif VIFOpenVSwitch,73
2a7e6889,[instance: <*>] Get console output,1
c59ad417,Ignored error while reading from instance console pty: can't concat NoneType to bytes,1
e4ef726c,[instance: <*>] Ignoring supplied device name: <*>. Libvirt can't honour user-supplied dev names,2
fc398b29,[instance: <*>] Booting with volume-backed-image <*> at <*>,2
d8fd357b,Volume id: <*> finished being created but its status is error.,2
8dbaee66,[instance: <*>] Instance failed block device setup: <*>.VolumeNotCreated: Volume <*> did not finish being created even after we waited <*> seconds or <*> attempts. And its status is error.,2
74545fe3,[instance: <*>] Build of instance <*> aborted: Volume <*> did not finish being created even after we waited <*> seconds or <*> attempts. And its status is error.: <*>.BuildAbortException: Build of instance <*> aborted: Volume <*> did not finish being created even after we waited <*> seconds or <*> attempts. And its status is error.,2
51387d9b,Unknown base file: <*>,8
3964d785,Removable base files: <*>,6
3f4a505b,"Base, swap or ephemeral file too young to remove: <*>",6
c38f4cc0,"Loaded VIF plugins: linux_bridge, noop, ovs",1
49f21d0c,Timed out waiting for nova-conductor. Is it running? Or did this service start before nova-conductor? Reattempting establishment of nova-conductor connection...: oslo_<*>.MessagingTimeout: Timed out waiting for a reply to message ID <*>,2
dba0a2c9,nova-conductor connection established successfully,1
084e947d,Loading compute driver 'libvirt.LibvirtDriver',1
094f0573,"No provider configs found in <*>/. If files are present, ensure the Nova process has access.",1
c9eea2a2,"Deprecated: Option ""live_migration_uri"" from group ""libvirt"" is deprecated for removal (",1
e260a9cd,for removal in favor of two other options that,1
0f9aa307,live migration scheme and target URI: ``live_migration_scheme``,1
82bfecf9,may be silently ignored in the future.,1
f15a5403,Starting compute node (version <*>),1
dca8210a,Connection event '<*>' reason 'None',1
f77614dc,Looking for unclaimed instances stuck in BUILDING status for nodes managed by this host,1
8aea803e,kernel doesn't support AMD SEV,1
93302cb2,Spawned new privsep daemon via rootwrap,9
365b0598,privsep daemon starting,7
e490af27,privsep process running with uid<*>: <*><*>,7
d1563d97,privsep process running with capabilities (eff<*>): CAP_CHOWN|CAP_DAC_OVERRIDE|CAP_DAC_READ_SEARCH|CAP_FOWNER|CAP_NET_ADMIN|CAP_SYS_ADMIN<*>|CAP_DAC_OVERRIDE|CAP_DAC_READ_SEARCH|CAP_FOWNER|CAP_NET_ADMIN|CAP_SYS_ADMIN<*>,4
62c77ac0,privsep daemon running as pid <*>,7
24a4c39b,[instance: <*>] Received unexpected event network-vif-plugged-<*> for instance with vm_state building and task_state spawning.,63
c3ff416c,[instance: <*>] Received unexpected event network-vif-unplugged-<*> for instance with vm_state <*> and task_state <*>,77
5ee73efd,"[instance: <*>] Timeout waiting for [('network-vif-plugged', '<*>')] for instance with vm_state building and task_state spawning.: <*>.Timeout: <*> seconds",57
59b44970,[instance: <*>] Instance failed to spawn: <*>.VirtualInterfaceCreateException: Virtual Interface creation failed,69
a348963d,[instance: <*>] Failed to allocate network(s): <*>.VirtualInterfaceCreateException: Virtual Interface creation failed,69
b65aa60f,"[instance: <*>] Build of instance <*> aborted: Failed to allocate the network(s), not rescheduling.: <*>.BuildAbortException: Build of instance <*> aborted: Failed to allocate the network(s), not rescheduling.",69
debd9ef7,[instance: <*>] During _sync_instance_power_state the DB power_state (<*>) does not match the vm_power_state from the hypervisor (<*>). Updating power_state in the DB to match the hypervisor.,42
27c50335,"[instance: <*>] Instance shutdown by itself. Calling the stop API. Current vm_state: active, current task_state: <*> original DB power_state: <*>, current VM power_state: <*>",44
31c6236c,Automatically selected compute RPC version <*> from minimum service version <*>,3
b42f4be2,[instance: <*>] error during stop() in sync_power_state.: <*>_Remote.UnexpectedTaskStateError_Remote: Conflict updating instance <*>. Expected: {'task_state': [None]}. Actual: {'task_state': 'powering-off'},21
4f37a9a2,[instance: <*>] Instance is already powered off in the hypervisor when stop is called.,22
28d27603,privsep process running with capabilities (eff<*>): CAP_NET_ADMIN<*>,3
4e7907a9,[-] privsep daemon starting,2
e8b588f4,[-] privsep process running with uid<*>: <*><*>,2
38db17c2,[-] privsep process running with capabilities (eff<*>): <*>,2
dc45600b,[-] privsep daemon running as pid <*>,2
40db624f,[instance: <*>] Neutron deleted interface <*>; detaching it from the instance and deleting it from the info cache,35
02525647,Error launching a defined domain with XML: <domain type='qemu'>,22
10a5b985,self._<*>WithFlags(flags),1
744537e3,"= proxy_call(self._autowrap, f, *args, **kwargs)",2
f271095b,"= execute(f, *args, **kwargs)",2
a10b39de,"= meth(*args, **kwargs)",2
faae3951,internal error: qemu unexpectedly closed the monitor: <*>-<*>-<*>T<*>:<*>:<*>Z qemu-system-x<*>_<*>: terminating on signal <*> from pid <*> (<*>),3
3e6f82d2,[instance: <*>] Failed to start libvirt guest: <*>Error: internal error: qemu unexpectedly closed the monitor: <*>-<*>-<*>T<*>:<*>:<*>Z qemu-system-x<*>_<*>: terminating on signal <*> from pid <*> (<*>),29
d60614e4,[instance: <*>] Instance failed to spawn: <*>Error: internal error: qemu unexpectedly closed the monitor: <*>-<*>-<*>T<*>:<*>:<*>Z qemu-system-x<*>_<*>: terminating on signal <*> from pid <*> (<*>),19
2e05da3b,[instance: <*>] Failed to build and run instance: <*>Error: internal error: qemu unexpectedly closed the monitor: <*>-<*>-<*>T<*>:<*>:<*>Z qemu-system-x<*>_<*>: terminating on signal <*> from pid <*> (<*>),18
71bfdbd2,[instance: <*>] Instance failed to spawn: <*>Error: Domain not found: no domain with matching uuid '<*>' <*>,36
df845741,[-] [-] Successfully unplugged vif VIFOpenVSwitch,2
0a63d7f6,Error updating resources for node parisaserver.: <*>Error: unable to read: <*>: No such file or directory,1
d28edc0b,"<*>() if ""pci"" in <*>Caps()]",2
1c965b73,unable to read: <*>: No such file or directory,1
c59a157b,[-] [-] Successfully plugged vif VIFOpenVSwitch,2
4322f2c3,[instance: <*>] error during stop() in sync_power_state.: <*>.InstanceInvalidState: Instance <*> in task_state powering-off. Cannot stop while the instance is in this state.,1
a8d818f2,"Successfully plugged vif VIFOpenVSwitch(active=False,address=fa:<*>:<*>e:ed:e<*>:<*>a,bridge_name='br-int',has_traffic_filtering=True,id=<*>,network=Network(<*>),plugin='ovs',port_profile=VIFPortProfileOpenVSwitch,preserve_on_delete=False,vif_name='tapd<*>a<*>-af')",1
bba98b34,"Successfully unplugged vif VIFOpenVSwitch(active=False,address=fa:<*>:<*>e:ed:e<*>:<*>a,bridge_name='br-int',has_traffic_filtering=True,id=<*>,network=Network(<*>),plugin='ovs',port_profile=VIFPortProfileOpenVSwitch,preserve_on_delete=False,vif_name='tapd<*>a<*>-af')",3
f8019862,"Successfully plugged vif VIFOpenVSwitch(active=False,address=fa:<*>:<*>e:ff:a<*>:d<*>,bridge_name='br-int',has_traffic_filtering=True,id=<*>,network=Network(<*>),plugin='ovs',port_profile=VIFPortProfileOpenVSwitch,preserve_on_delete=False,vif_name='tap<*>ff<*>d<*>cc-<*>b')",1
fa76e263,"Successfully unplugged vif VIFOpenVSwitch(active=False,address=fa:<*>:<*>e:ff:a<*>:d<*>,bridge_name='br-int',has_traffic_filtering=True,id=<*>,network=Network(<*>),plugin='ovs',port_profile=VIFPortProfileOpenVSwitch,preserve_on_delete=False,vif_name='tap<*>ff<*>d<*>cc-<*>b')",3
125db003,"Successfully plugged vif VIFOpenVSwitch(active=False,address=fa:<*>:<*>e:f<*>:<*>:d<*>,bridge_name='br-int',has_traffic_filtering=True,id=<*>,network=Network(<*>),plugin='ovs',port_profile=VIFPortProfileOpenVSwitch,preserve_on_delete=False,vif_name='tap<*>f<*>-b<*>')",1
e8830a9c,"e, tb)",1
2063c160,value,1
99a60482,libvirtError('virDomainCreateWithFlags() failed'),1
ec74e227,"Successfully unplugged vif VIFOpenVSwitch(active=False,address=fa:<*>:<*>e:f<*>:<*>:d<*>,bridge_name='br-int',has_traffic_filtering=True,id=<*>,network=Network(<*>),plugin='ovs',port_profile=VIFPortProfileOpenVSwitch,preserve_on_delete=False,vif_name='tap<*>f<*>-b<*>')",3
37737015,"Successfully plugged vif VIFOpenVSwitch(active=False,address=fa:<*>:<*>e:<*>d:<*>:c<*>,bridge_name='br-int',has_traffic_filtering=True,id=<*>,network=Network(<*>),plugin='ovs',port_profile=VIFPortProfileOpenVSwitch,preserve_on_delete=False,vif_name='tap<*>d<*>db<*>-<*>e')",1
d08ed995,"Successfully unplugged vif VIFOpenVSwitch(active=False,address=fa:<*>:<*>e:<*>d:<*>:c<*>,bridge_name='br-int',has_traffic_filtering=True,id=<*>,network=Network(<*>),plugin='ovs',port_profile=VIFPortProfileOpenVSwitch,preserve_on_delete=False,vif_name='tap<*>d<*>db<*>-<*>e')",3
ff2e4b9e,"Successfully plugged vif VIFOpenVSwitch(active=False,address=fa:<*>:<*>e:<*>e:<*>e:<*>,bridge_name='br-int',has_traffic_filtering=True,id=<*>,network=Network(<*>),plugin='ovs',port_profile=VIFPortProfileOpenVSwitch,preserve_on_delete=False,vif_name='tap<*>-<*>')",1
0481fafc,qemu unexpectedly closed the monitor: <*>-<*>-<*>T<*>:<*>:<*>Z qemu-system-x<*>_<*>: terminating on signal <*> from pid <*> (<*>),1
5c756838,"Successfully unplugged vif VIFOpenVSwitch(active=False,address=fa:<*>:<*>e:<*>e:<*>e:<*>,bridge_name='br-int',has_traffic_filtering=True,id=<*>,network=Network(<*>),plugin='ovs',port_profile=VIFPortProfileOpenVSwitch,preserve_on_delete=False,vif_name='tap<*>-<*>')",3
5c6a3e3b,"Successfully plugged vif VIFOpenVSwitch(active=False,address=fa:<*>:<*>e:bf:<*>:da,bridge_name='br-int',has_traffic_filtering=True,id=<*>,network=Network(<*>),plugin='ovs',port_profile=VIFPortProfileOpenVSwitch,preserve_on_delete=False,vif_name='tapdcdf<*>d-<*>')",1
61e37a38,"Successfully unplugged vif VIFOpenVSwitch(active=False,address=fa:<*>:<*>e:bf:<*>:da,bridge_name='br-int',has_traffic_filtering=True,id=<*>,network=Network(<*>),plugin='ovs',port_profile=VIFPortProfileOpenVSwitch,preserve_on_delete=False,vif_name='tapdcdf<*>d-<*>')",3
6a26d102,"Successfully plugged vif VIFOpenVSwitch(active=False,address=fa:<*>:<*>e:a<*>:cb:<*>a,bridge_name='br-int',has_traffic_filtering=True,id=<*>,network=Network(<*>),plugin='ovs',port_profile=VIFPortProfileOpenVSwitch,preserve_on_delete=False,vif_name='tap<*>a<*>e<*>-c<*>')",1
d4017ebd,"Successfully unplugged vif VIFOpenVSwitch(active=False,address=fa:<*>:<*>e:a<*>:cb:<*>a,bridge_name='br-int',has_traffic_filtering=True,id=<*>,network=Network(<*>),plugin='ovs',port_profile=VIFPortProfileOpenVSwitch,preserve_on_delete=False,vif_name='tap<*>a<*>e<*>-c<*>')",2
614deb6a,"Successfully plugged vif VIFOpenVSwitch(active=False,address=fa:<*>:<*>e:e<*>:ce:d<*>,bridge_name='br-int',has_traffic_filtering=True,id=<*>,network=Network(<*>),plugin='ovs',port_profile=VIFPortProfileOpenVSwitch,preserve_on_delete=False,vif_name='tap<*>af<*>-<*>a')",1
e3b8ffbb,"Successfully unplugged vif VIFOpenVSwitch(active=False,address=fa:<*>:<*>e:e<*>:ce:d<*>,bridge_name='br-int',has_traffic_filtering=True,id=<*>,network=Network(<*>),plugin='ovs',port_profile=VIFPortProfileOpenVSwitch,preserve_on_delete=False,vif_name='tap<*>af<*>-<*>a')",3
827fa85a,"Successfully plugged vif VIFOpenVSwitch(active=False,address=fa:<*>:<*>e:ea:fd:ef,bridge_name='br-int',has_traffic_filtering=True,id=<*>,network=Network(<*>),plugin='ovs',port_profile=VIFPortProfileOpenVSwitch,preserve_on_delete=False,vif_name='tap<*>b<*>-<*>b')",1
3f200641,"Successfully unplugged vif VIFOpenVSwitch(active=False,address=fa:<*>:<*>e:ea:fd:ef,bridge_name='br-int',has_traffic_filtering=True,id=<*>,network=Network(<*>),plugin='ovs',port_profile=VIFPortProfileOpenVSwitch,preserve_on_delete=False,vif_name='tap<*>b<*>-<*>b')",3
a2a49920,"Successfully plugged vif VIFOpenVSwitch(active=False,address=fa:<*>:<*>e:<*>f:<*>:e<*>,bridge_name='br-int',has_traffic_filtering=True,id=<*>,network=Network(<*>),plugin='ovs',port_profile=VIFPortProfileOpenVSwitch,preserve_on_delete=False,vif_name='tapa<*>fa<*>d-b<*>')",1
102d0c92,"<name>instance-<*><<*>>\n <uuid><*><<*>>\n <metadata>\n <nova:instance xmlns:nova=""http://<*><*>/<*>"">\n <nova:package version=""<*>""/>\n <nova:name>fault-testing-vm-<*><<*>:name>\n <nova:creationTime><*>-<*>-<*> <*>:<*>:<*><<*>:creationTime>\n <nova:flavor name=""<*>"">\n <nova:memory><*><<*>:memory>\n <nova:disk><*><<*>:disk>\n <nova:swap><*><<*>:swap>\n <nova:ephemeral><*><<*>:ephemeral>\n <nova:vcpus><*><<*>:vcpus>\n <<*>:flavor>\n <nova:owner>\n <nova:user uuid=""e<*>b<*>ca<*>b<*>f<*>a"">admin<<*>:user>\n <nova:project uuid=""<*>a<*>b<*>b<*>f<*>b<*>b<*>fd"">admin<<*>:project>\n <<*>:owner>\n <nova:root type=""image"" uuid=""<*>""/>\n <nova:ports>\n <nova:port uuid=""<*>"">\n <nova:ip type=""fixed"" address=""<*>:db<*>::<*>d"" ipVersion=""<*>""/>\n <nova:ip type=""fixed"" address=""<*>"" ipVersion=""<*>""/>\n <<*>:port>\n <<*>:ports>\n <<*>:instance>\n <<*>>\n <memory unit=\'KiB\'><*><<*>>\n <currentMemory unit=\'KiB\'><*><<*>>\n <vcpu placement=\'static\'><*><<*>>\n <cputune>\n <shares><*><<*>>\n <<*>>\n <sysinfo type=\'smbios\'>\n <system>\n <entry name=\'manufacturer\'>OpenStack Foundation<<*>>\n <entry name=\'product\'>OpenStack Nova<<*>>\n <entry name=\'version\'><*><<*>>\n <entry name=\'serial\'><*><<*>>\n <entry name=\'uuid\'><*><<*>>\n <entry name=\'family\'>Virtual Machine<<*>>\n <<*>>\n <<*>>\n <os>\n <type arch=\'x<*>_<*>\' machine=\'<*>\'>hvm<<*>>\n <boot dev=\'hd\'/>\n <smbios mode=\'sysinfo\'/>\n <<*>>\n <features>\n <acpi/>\n <apic/>\n <<*>>\n <cpu mode=\'custom\' match=\'exact\' check=\'none\'>\n <model fallback=\'forbid\'>qemu<*><<*>>\n <topology sockets=\'<*>\' cores=\'<*>\' threads=\'<*>\'/>\n <<*>>\n <clock offset=\'utc\'/>\n <on_poweroff>destroy<<*>>\n <on_reboot>restart<<*>>\n <on_crash>destroy<<*>>\n <devices>\n <emulator><*><<*>>\n <disk type=\'file\' device=\'disk\'>\n <driver name=\'qemu\' type=\'qcow<*>\' cache=\'none\'/>\n <source file=\'<*>/<*><*>\'/>\n <target dev=\'vda\' bus=\'virtio\'/>\n <address type=\'pci\' domain=\'<*>x<*>\' bus=\'<*>x<*>\' slot=\'<*>x<*>\' function=\'<*>x<*>\'/>\n <<*>>\n <controller type=\'usb\' index=\'<*>\' model=\'none\'/>\n <controller type=\'pci\' index=\'<*>\' model=\'pci-root\'/>\n <interface type=\'bridge\'>\n <mac address=\'fa:<*>:<*>e:<*>f:<*>:e<*>\'/>\n <source bridge=\'br-int\'/>\n <virtualport type=\'openvswitch\'>\n <parameters interfaceid=\'<*>\'/>\n <<*>>\n <target dev=\'tapa<*>fa<*>d-b<*>\'/>\n <model type=\'virtio\'/>\n <driver name=\'qemu\'/>\n <mtu size=\'<*>\'/>\n <address type=\'pci\' domain=\'<*>x<*>\' bus=\'<*>x<*>\' slot=\'<*>x<*>\' function=\'<*>x<*>\'/>\n <<*>>\n <serial type=\'pty\'>\n <log file=\'<*>/<*>/<*>\' append=\'off\'/>\n <target type=\'isa-serial\' port=\'<*>\'>\n <model name=\'isa-serial\'/>\n <<*>>\n <<*>>\n <console type=\'pty\'>\n <log file=\'<*>/<*>/<*>\' append=\'off\'/>\n <target type=\'serial\' port=\'<*>\'/>\n <<*>>\n <input type=\'mouse\' bus=\'ps<*>\'/>\n <input type=\'keyboard\' bus=\'ps<*>\'/>\n <graphics type=\'vnc\' port=\'-<*>\' autoport=\'yes\' listen=\'<*>\'>\n <listen type=\'address\' address=\'<*>\'/>\n <<*>>\n <video>\n <model type=\'cirrus\' vram=\'<*>\' heads=\'<*>\' primary=\'yes\'/>\n <address type=\'pci\' domain=\'<*>x<*>\' bus=\'<*>x<*>\' slot=\'<*>x<*>\' function=\'<*>x<*>\'/>\n <<*>>\n <memballoon model=\'virtio\'>\n <stats period=\'<*>\'/>\n <address type=\'pci\' domain=\'<*>x<*>\' bus=\'<*>x<*>\' slot=\'<*>x<*>\' function=\'<*>x<*>\'/>\n <<*>>\n <rng model=\'virtio\'>\n <backend model=\'random\'><*><<*>>\n <address type=\'pci\' domain=\'<*>x<*>\' bus=\'<*>x<*>\' slot=\'<*>x<*>\' function=\'<*>x<*>\'/>\n <<*>>\n <<*>>\n<<*>>\n',)",1
2feb1356,"Successfully unplugged vif VIFOpenVSwitch(active=False,address=fa:<*>:<*>e:<*>f:<*>:e<*>,bridge_name='br-int',has_traffic_filtering=True,id=<*>,network=Network(<*>),plugin='ovs',port_profile=VIFPortProfileOpenVSwitch,preserve_on_delete=False,vif_name='tapa<*>fa<*>d-b<*>')",3
16e07a94,"Successfully plugged vif VIFOpenVSwitch(active=False,address=fa:<*>:<*>e:<*>a:<*>:<*>b,bridge_name='br-int',has_traffic_filtering=True,id=<*>,network=Network(<*>),plugin='ovs',port_profile=VIFPortProfileOpenVSwitch,preserve_on_delete=False,vif_name='tap<*>aa<*>b<*>-a<*>')",1
f9081405,"Successfully unplugged vif VIFOpenVSwitch(active=False,address=fa:<*>:<*>e:<*>a:<*>:<*>b,bridge_name='br-int',has_traffic_filtering=True,id=<*>,network=Network(<*>),plugin='ovs',port_profile=VIFPortProfileOpenVSwitch,preserve_on_delete=False,vif_name='tap<*>aa<*>b<*>-a<*>')",3
b1dc3040,"Successfully plugged vif VIFOpenVSwitch(active=False,address=fa:<*>:<*>e:a<*>:<*>e:b<*>,bridge_name='br-int',has_traffic_filtering=True,id=<*>,network=Network(<*>),plugin='ovs',port_profile=VIFPortProfileOpenVSwitch,preserve_on_delete=False,vif_name='tap<*>f<*>-<*>')",1
428f3992,[instance: <*>] Instance failed to spawn: <*>Error: Requested operation is not valid: domain is not running,2
16e9abb5,"Successfully unplugged vif VIFOpenVSwitch(active=False,address=fa:<*>:<*>e:a<*>:<*>e:b<*>,bridge_name='br-int',has_traffic_filtering=True,id=<*>,network=Network(<*>),plugin='ovs',port_profile=VIFPortProfileOpenVSwitch,preserve_on_delete=False,vif_name='tap<*>f<*>-<*>')",2
20abea46,[instance: <*>] Failed to build and run instance: <*>Error: Requested operation is not valid: domain is not running,2
c78fd34a,Removable base files: <*> <*>,1
45f9d16a,"Successfully plugged vif VIFOpenVSwitch(active=False,address=fa:<*>:<*>e:<*>c:ad:<*>b,bridge_name='br-int',has_traffic_filtering=True,id=<*>,network=Network(<*>),plugin='ovs',port_profile=VIFPortProfileOpenVSwitch,preserve_on_delete=False,vif_name='tap<*>f<*>-c<*>')",1
d6d34734,"Successfully plugged vif VIFOpenVSwitch(active=False,address=fa:<*>:<*>e:<*>:<*>c:e<*>,bridge_name='br-int',has_traffic_filtering=True,id=<*>,network=Network(<*>),plugin='ovs',port_profile=VIFPortProfileOpenVSwitch,preserve_on_delete=False,vif_name='tap<*>ce<*>a<*>-<*>b')",1
08640ddf,"Successfully unplugged vif VIFOpenVSwitch(active=False,address=fa:<*>:<*>e:<*>:<*>c:e<*>,bridge_name='br-int',has_traffic_filtering=True,id=<*>,network=Network(<*>),plugin='ovs',port_profile=VIFPortProfileOpenVSwitch,preserve_on_delete=False,vif_name='tap<*>ce<*>a<*>-<*>b')",3
927d37c3,"Successfully plugged vif VIFOpenVSwitch(active=False,address=fa:<*>:<*>e:<*>:cb:<*>a,bridge_name='br-int',has_traffic_filtering=True,id=<*>,network=Network(<*>),plugin='ovs',port_profile=VIFPortProfileOpenVSwitch,preserve_on_delete=False,vif_name='tap<*>daa<*>a<*>-ad')",1
41802dc1,"Successfully unplugged vif VIFOpenVSwitch(active=False,address=fa:<*>:<*>e:<*>:cb:<*>a,bridge_name='br-int',has_traffic_filtering=True,id=<*>,network=Network(<*>),plugin='ovs',port_profile=VIFPortProfileOpenVSwitch,preserve_on_delete=False,vif_name='tap<*>daa<*>a<*>-ad')",3
ff284654,"Successfully plugged vif VIFOpenVSwitch(active=False,address=fa:<*>:<*>e:<*>a:<*>:<*>,bridge_name='br-int',has_traffic_filtering=True,id=<*>,network=Network(<*>),plugin='ovs',port_profile=VIFPortProfileOpenVSwitch,preserve_on_delete=False,vif_name='tap<*>c<*>ad-<*>')",1
df320e56,"Successfully unplugged vif VIFOpenVSwitch(active=False,address=fa:<*>:<*>e:<*>a:<*>:<*>,bridge_name='br-int',has_traffic_filtering=True,id=<*>,network=Network(<*>),plugin='ovs',port_profile=VIFPortProfileOpenVSwitch,preserve_on_delete=False,vif_name='tap<*>c<*>ad-<*>')",3
43f3a9d7,"Successfully plugged vif VIFOpenVSwitch(active=False,address=fa:<*>:<*>e:<*>:b<*>:<*>a,bridge_name='br-int',has_traffic_filtering=True,id=<*>,network=Network(<*>),plugin='ovs',port_profile=VIFPortProfileOpenVSwitch,preserve_on_delete=False,vif_name='tap<*>c<*>a<*>d<*>-<*>')",1
30710e73,"Successfully unplugged vif VIFOpenVSwitch(active=False,address=fa:<*>:<*>e:<*>:b<*>:<*>a,bridge_name='br-int',has_traffic_filtering=True,id=<*>,network=Network(<*>),plugin='ovs',port_profile=VIFPortProfileOpenVSwitch,preserve_on_delete=False,vif_name='tap<*>c<*>a<*>d<*>-<*>')",3
2f0cd9a4,"Successfully plugged vif VIFOpenVSwitch(active=False,address=fa:<*>:<*>e:<*>:ae:<*>f,bridge_name='br-int',has_traffic_filtering=True,id=<*>,network=Network(<*>),plugin='ovs',port_profile=VIFPortProfileOpenVSwitch,preserve_on_delete=False,vif_name='tapd<*>d<*>e<*>e<*>-ad')",1
c516c517,[instance: <*>] Failed to start libvirt guest: <*>Error: internal error: process exited while connecting to monitor,2
d5061a41,"Successfully unplugged vif VIFOpenVSwitch(active=False,address=fa:<*>:<*>e:<*>:ae:<*>f,bridge_name='br-int',has_traffic_filtering=True,id=<*>,network=Network(<*>),plugin='ovs',port_profile=VIFPortProfileOpenVSwitch,preserve_on_delete=False,vif_name='tapd<*>d<*>e<*>e<*>-ad')",3
b8b3f7d1,"Successfully plugged vif VIFOpenVSwitch(active=False,address=fa:<*>:<*>e:e<*>:<*>:a<*>,bridge_name='br-int',has_traffic_filtering=True,id=<*>,network=Network(<*>),plugin='ovs',port_profile=VIFPortProfileOpenVSwitch,preserve_on_delete=False,vif_name='tap<*>ab<*>dddf-b<*>')",1
eb263528,[instance: <*>] Failed to start libvirt guest: <*>Error: internal error: process exited while connecting to monitor: <*>-<*>-<*>T<*>:<*>:<*>Z qemu-system-x<*>_<*>: terminating on signal <*> from pid <*> (<*>),8
5d4d8cc9,"Successfully unplugged vif VIFOpenVSwitch(active=False,address=fa:<*>:<*>e:e<*>:<*>:a<*>,bridge_name='br-int',has_traffic_filtering=True,id=<*>,network=Network(<*>),plugin='ovs',port_profile=VIFPortProfileOpenVSwitch,preserve_on_delete=False,vif_name='tap<*>ab<*>dddf-b<*>')",3
892e6ec4,"Successfully plugged vif VIFOpenVSwitch(active=False,address=fa:<*>:<*>e:aa:<*>f:<*>,bridge_name='br-int',has_traffic_filtering=True,id=<*>,network=Network(<*>),plugin='ovs',port_profile=VIFPortProfileOpenVSwitch,preserve_on_delete=False,vif_name='tapd<*>ec<*>-<*>')",1
35df6319,"Successfully unplugged vif VIFOpenVSwitch(active=False,address=fa:<*>:<*>e:aa:<*>f:<*>,bridge_name='br-int',has_traffic_filtering=True,id=<*>,network=Network(<*>),plugin='ovs',port_profile=VIFPortProfileOpenVSwitch,preserve_on_delete=False,vif_name='tapd<*>ec<*>-<*>')",3
4813eb86,"Successfully plugged vif VIFOpenVSwitch(active=False,address=fa:<*>:<*>e:ed:<*>b:<*>,bridge_name='br-int',has_traffic_filtering=True,id=<*>,network=Network(<*>),plugin='ovs',port_profile=VIFPortProfileOpenVSwitch,preserve_on_delete=False,vif_name='tap<*>ad<*>f<*>-<*>')",1
232b153e,"Successfully unplugged vif VIFOpenVSwitch(active=False,address=fa:<*>:<*>e:<*>c:ad:<*>b,bridge_name='br-int',has_traffic_filtering=True,id=<*>,network=Network(<*>),plugin='ovs',port_profile=VIFPortProfileOpenVSwitch,preserve_on_delete=False,vif_name='tap<*>f<*>-c<*>')",1
f671405f,"Successfully plugged vif VIFOpenVSwitch(active=False,address=fa:<*>:<*>e:bb:<*>c:c<*>,bridge_name='br-int',has_traffic_filtering=True,id=<*>,network=Network(<*>),plugin='ovs',port_profile=VIFPortProfileOpenVSwitch,preserve_on_delete=False,vif_name='tapf<*>-<*>')",1
957bf8fe,"Successfully unplugged vif VIFOpenVSwitch(active=False,address=fa:<*>:<*>e:bb:<*>c:c<*>,bridge_name='br-int',has_traffic_filtering=True,id=<*>,network=Network(<*>),plugin='ovs',port_profile=VIFPortProfileOpenVSwitch,preserve_on_delete=False,vif_name='tapf<*>-<*>')",3
d47da844,"Successfully plugged vif VIFOpenVSwitch(active=False,address=fa:<*>:<*>e:<*>:<*>:<*>,bridge_name='br-int',has_traffic_filtering=True,id=<*>,network=Network(<*>),plugin='ovs',port_profile=VIFPortProfileOpenVSwitch,preserve_on_delete=False,vif_name='tap<*>e<*>b-<*>')",1
b7fa4fab,"Successfully unplugged vif VIFOpenVSwitch(active=False,address=fa:<*>:<*>e:<*>:<*>:<*>,bridge_name='br-int',has_traffic_filtering=True,id=<*>,network=Network(<*>),plugin='ovs',port_profile=VIFPortProfileOpenVSwitch,preserve_on_delete=False,vif_name='tap<*>e<*>b-<*>')",2
36de954e,"Successfully plugged vif VIFOpenVSwitch(active=False,address=fa:<*>:<*>e:ea:<*>:ab,bridge_name='br-int',has_traffic_filtering=True,id=<*>,network=Network(<*>),plugin='ovs',port_profile=VIFPortProfileOpenVSwitch,preserve_on_delete=False,vif_name='tapf<*>aea-<*>f')",1
0bff6f31,"Successfully plugged vif VIFOpenVSwitch(active=False,address=fa:<*>:<*>e:bb:e<*>:<*>b,bridge_name='br-int',has_traffic_filtering=True,id=<*>,network=Network(<*>),plugin='ovs',port_profile=VIFPortProfileOpenVSwitch,preserve_on_delete=False,vif_name='tape<*>e-<*>')",1
ba4c7075,"Successfully unplugged vif VIFOpenVSwitch(active=False,address=fa:<*>:<*>e:bb:e<*>:<*>b,bridge_name='br-int',has_traffic_filtering=True,id=<*>,network=Network(<*>),plugin='ovs',port_profile=VIFPortProfileOpenVSwitch,preserve_on_delete=False,vif_name='tape<*>e-<*>')",2
deec520f,"Successfully plugged vif VIFOpenVSwitch(active=False,address=fa:<*>:<*>e:<*>a:<*>:b<*>,bridge_name='br-int',has_traffic_filtering=True,id=<*>,network=Network(<*>),plugin='ovs',port_profile=VIFPortProfileOpenVSwitch,preserve_on_delete=False,vif_name='tapcb<*>d<*>e<*>-a<*>')",1
55b9a22c,"Successfully unplugged vif VIFOpenVSwitch(active=False,address=fa:<*>:<*>e:<*>a:<*>:b<*>,bridge_name='br-int',has_traffic_filtering=True,id=<*>,network=Network(<*>),plugin='ovs',port_profile=VIFPortProfileOpenVSwitch,preserve_on_delete=False,vif_name='tapcb<*>d<*>e<*>-a<*>')",3
57b34fee,"Successfully plugged vif VIFOpenVSwitch(active=False,address=fa:<*>:<*>e:<*>f:<*>:<*>d,bridge_name='br-int',has_traffic_filtering=True,id=<*>,network=Network(<*>),plugin='ovs',port_profile=VIFPortProfileOpenVSwitch,preserve_on_delete=False,vif_name='tap<*>aeea<*>-<*>')",1
824f9b21,"Successfully unplugged vif VIFOpenVSwitch(active=False,address=fa:<*>:<*>e:<*>f:<*>:<*>d,bridge_name='br-int',has_traffic_filtering=True,id=<*>,network=Network(<*>),plugin='ovs',port_profile=VIFPortProfileOpenVSwitch,preserve_on_delete=False,vif_name='tap<*>aeea<*>-<*>')",3
7f8c592c,"Successfully plugged vif VIFOpenVSwitch(active=False,address=fa:<*>:<*>e:ae:<*>:c<*>,bridge_name='br-int',has_traffic_filtering=True,id=<*>,network=Network(<*>),plugin='ovs',port_profile=VIFPortProfileOpenVSwitch,preserve_on_delete=False,vif_name='tapf<*>c<*>-bd')",1
213ffd08,"Successfully unplugged vif VIFOpenVSwitch(active=False,address=fa:<*>:<*>e:ae:<*>:c<*>,bridge_name='br-int',has_traffic_filtering=True,id=<*>,network=Network(<*>),plugin='ovs',port_profile=VIFPortProfileOpenVSwitch,preserve_on_delete=False,vif_name='tapf<*>c<*>-bd')",2
80495303,"Successfully plugged vif VIFOpenVSwitch(active=False,address=fa:<*>:<*>e:<*>:af:<*>,bridge_name='br-int',has_traffic_filtering=True,id=<*>,network=Network(<*>),plugin='ovs',port_profile=VIFPortProfileOpenVSwitch,preserve_on_delete=False,vif_name='tap<*>efc<*>b-<*>a')",1
6b5c0756,"Successfully unplugged vif VIFOpenVSwitch(active=False,address=fa:<*>:<*>e:<*>:af:<*>,bridge_name='br-int',has_traffic_filtering=True,id=<*>,network=Network(<*>),plugin='ovs',port_profile=VIFPortProfileOpenVSwitch,preserve_on_delete=False,vif_name='tap<*>efc<*>b-<*>a')",3
52787bb9,[instance: <*>] Instance failed to spawn: <*>Error: internal error: process exited while connecting to monitor: <*>-<*>-<*>T<*>:<*>:<*>Z qemu-system-x<*>_<*>: terminating on signal <*> from pid <*> (<*>),3
31f01b3f,[instance: <*>] Failed to build and run instance: <*>Error: internal error: process exited while connecting to monitor: <*>-<*>-<*>T<*>:<*>:<*>Z qemu-system-x<*>_<*>: terminating on signal <*> from pid <*> (<*>),2
3c112694,"Successfully unplugged vif VIFOpenVSwitch(active=False,address=fa:<*>:<*>e:ed:<*>b:<*>,bridge_name='br-int',has_traffic_filtering=True,id=<*>,network=Network(<*>),plugin='ovs',port_profile=VIFPortProfileOpenVSwitch,preserve_on_delete=False,vif_name='tap<*>ad<*>f<*>-<*>')",1
a08ca2b9,"Successfully plugged vif VIFOpenVSwitch(active=False,address=fa:<*>:<*>e:<*>:<*>:<*>f,bridge_name='br-int',has_traffic_filtering=True,id=<*>,network=Network(<*>),plugin='ovs',port_profile=VIFPortProfileOpenVSwitch,preserve_on_delete=False,vif_name='tapb<*>e<*>b<*>c-ab')",1
4eead574,"Successfully unplugged vif VIFOpenVSwitch(active=False,address=fa:<*>:<*>e:<*>:<*>:<*>f,bridge_name='br-int',has_traffic_filtering=True,id=<*>,network=Network(<*>),plugin='ovs',port_profile=VIFPortProfileOpenVSwitch,preserve_on_delete=False,vif_name='tapb<*>e<*>b<*>c-ab')",3
28d62bdc,"Successfully plugged vif VIFOpenVSwitch(active=False,address=fa:<*>:<*>e:<*>d:<*>:<*>,bridge_name='br-int',has_traffic_filtering=True,id=<*>,network=Network(<*>),plugin='ovs',port_profile=VIFPortProfileOpenVSwitch,preserve_on_delete=False,vif_name='tap<*>f<*>c<*>-<*>')",1
9925f8a1,"Successfully unplugged vif VIFOpenVSwitch(active=False,address=fa:<*>:<*>e:<*>d:<*>:<*>,bridge_name='br-int',has_traffic_filtering=True,id=<*>,network=Network(<*>),plugin='ovs',port_profile=VIFPortProfileOpenVSwitch,preserve_on_delete=False,vif_name='tap<*>f<*>c<*>-<*>')",1
15baab6c,"Successfully unplugged vif VIFOpenVSwitch(active=False,address=fa:<*>:<*>e:<*>c:<*>:e<*>,bridge_name='br-int',has_traffic_filtering=True,id=<*>,network=Network(<*>),plugin='ovs',port_profile=VIFPortProfileOpenVSwitch,preserve_on_delete=False,vif_name='tap<*>d<*>d-<*>')",2
f8c23663,"Successfully plugged vif VIFOpenVSwitch(active=False,address=fa:<*>:<*>e:<*>:c<*>:<*>,bridge_name='br-int',has_traffic_filtering=True,id=<*>,network=Network(<*>),plugin='ovs',port_profile=VIFPortProfileOpenVSwitch,preserve_on_delete=False,vif_name='tap<*>eb<*>d<*>-<*>d')",1
3d1c563c,"Successfully unplugged vif VIFOpenVSwitch(active=False,address=fa:<*>:<*>e:<*>:c<*>:<*>,bridge_name='br-int',has_traffic_filtering=True,id=<*>,network=Network(<*>),plugin='ovs',port_profile=VIFPortProfileOpenVSwitch,preserve_on_delete=False,vif_name='tap<*>eb<*>d<*>-<*>d')",3
e03e559c,"Successfully plugged vif VIFOpenVSwitch(active=False,address=fa:<*>:<*>e:<*>e:a<*>:fd,bridge_name='br-int',has_traffic_filtering=True,id=<*>,network=Network(<*>),plugin='ovs',port_profile=VIFPortProfileOpenVSwitch,preserve_on_delete=False,vif_name='tap<*>a<*>b<*>-<*>d')",1
866274dd,"Successfully unplugged vif VIFOpenVSwitch(active=False,address=fa:<*>:<*>e:<*>e:a<*>:fd,bridge_name='br-int',has_traffic_filtering=True,id=<*>,network=Network(<*>),plugin='ovs',port_profile=VIFPortProfileOpenVSwitch,preserve_on_delete=False,vif_name='tap<*>a<*>b<*>-<*>d')",3
6bb0c222,"Successfully plugged vif VIFOpenVSwitch(active=False,address=fa:<*>:<*>e:<*>c:<*>b:bf,bridge_name='br-int',has_traffic_filtering=True,id=<*>,network=Network(<*>),plugin='ovs',port_profile=VIFPortProfileOpenVSwitch,preserve_on_delete=False,vif_name='tapddaa<*>d<*>d-<*>')",1
a869c0b3,Function '<*>.LibvirtD<*>.<locals>._wait_for_boot' run outlasted interval by <*> sec,5
cc68c170,"Successfully unplugged vif VIFOpenVSwitch(active=False,address=fa:<*>:<*>e:<*>c:<*>b:bf,bridge_name='br-int',has_traffic_filtering=True,id=<*>,network=Network(<*>),plugin='ovs',port_profile=VIFPortProfileOpenVSwitch,preserve_on_delete=False,vif_name='tapddaa<*>d<*>d-<*>')",3
8b5a539c,"Successfully plugged vif VIFOpenVSwitch(active=False,address=fa:<*>:<*>e:<*>a:<*>b:<*>b,bridge_name='br-int',has_traffic_filtering=True,id=<*>,network=Network(<*>),plugin='ovs',port_profile=VIFPortProfileOpenVSwitch,preserve_on_delete=False,vif_name='tapb<*>a<*>-<*>')",1
9283d1a4,"Successfully unplugged vif VIFOpenVSwitch(active=False,address=fa:<*>:<*>e:<*>a:<*>b:<*>b,bridge_name='br-int',has_traffic_filtering=True,id=<*>,network=Network(<*>),plugin='ovs',port_profile=VIFPortProfileOpenVSwitch,preserve_on_delete=False,vif_name='tapb<*>a<*>-<*>')",3
cb3fdbe8,"Successfully plugged vif VIFOpenVSwitch(active=False,address=fa:<*>:<*>e:<*>:<*>a:<*>,bridge_name='br-int',has_traffic_filtering=True,id=<*>,network=Network(<*>),plugin='ovs',port_profile=VIFPortProfileOpenVSwitch,preserve_on_delete=False,vif_name='tap<*>fe<*>bbc-<*>')",1
e8a5bd70,"Successfully unplugged vif VIFOpenVSwitch(active=False,address=fa:<*>:<*>e:<*>:<*>a:<*>,bridge_name='br-int',has_traffic_filtering=True,id=<*>,network=Network(<*>),plugin='ovs',port_profile=VIFPortProfileOpenVSwitch,preserve_on_delete=False,vif_name='tap<*>fe<*>bbc-<*>')",3
d1ffb8b3,"Successfully plugged vif VIFOpenVSwitch(active=False,address=fa:<*>:<*>e:<*>d:e<*>:ce,bridge_name='br-int',has_traffic_filtering=True,id=<*>,network=Network(<*>),plugin='ovs',port_profile=VIFPortProfileOpenVSwitch,preserve_on_delete=False,vif_name='tap<*>e<*>c-<*>')",1
7748c79e,"Successfully unplugged vif VIFOpenVSwitch(active=False,address=fa:<*>:<*>e:<*>d:e<*>:ce,bridge_name='br-int',has_traffic_filtering=True,id=<*>,network=Network(<*>),plugin='ovs',port_profile=VIFPortProfileOpenVSwitch,preserve_on_delete=False,vif_name='tap<*>e<*>c-<*>')",2
ae989632,"Successfully plugged vif VIFOpenVSwitch(active=False,address=fa:<*>:<*>e:<*>:<*>:<*>,bridge_name='br-int',has_traffic_filtering=True,id=<*>,network=Network(<*>),plugin='ovs',port_profile=VIFPortProfileOpenVSwitch,preserve_on_delete=False,vif_name='tapd<*>edaf<*>-<*>')",1
9fe12797,"Successfully unplugged vif VIFOpenVSwitch(active=False,address=fa:<*>:<*>e:<*>:<*>:<*>,bridge_name='br-int',has_traffic_filtering=True,id=<*>,network=Network(<*>),plugin='ovs',port_profile=VIFPortProfileOpenVSwitch,preserve_on_delete=False,vif_name='tapd<*>edaf<*>-<*>')",3
4390c603,"Successfully plugged vif VIFOpenVSwitch(active=False,address=fa:<*>:<*>e:d<*>:<*>:<*>,bridge_name='br-int',has_traffic_filtering=True,id=<*>,network=Network(<*>),plugin='ovs',port_profile=VIFPortProfileOpenVSwitch,preserve_on_delete=False,vif_name='tap<*>beaa<*>bb-<*>')",1
8412c25e,"Successfully unplugged vif VIFOpenVSwitch(active=False,address=fa:<*>:<*>e:d<*>:<*>:<*>,bridge_name='br-int',has_traffic_filtering=True,id=<*>,network=Network(<*>),plugin='ovs',port_profile=VIFPortProfileOpenVSwitch,preserve_on_delete=False,vif_name='tap<*>beaa<*>bb-<*>')",2
c92cb5e8,"Successfully plugged vif VIFOpenVSwitch(active=False,address=fa:<*>:<*>e:cb:b<*>:<*>,bridge_name='br-int',has_traffic_filtering=True,id=<*>,network=Network(<*>),plugin='ovs',port_profile=VIFPortProfileOpenVSwitch,preserve_on_delete=False,vif_name='tap<*>fa<*>cb-<*>c')",1
07484ac4,"Successfully plugged vif VIFOpenVSwitch(active=False,address=fa:<*>:<*>e:<*>:<*>d:<*>,bridge_name='br-int',has_traffic_filtering=True,id=<*>,network=Network(<*>),plugin='ovs',port_profile=VIFPortProfileOpenVSwitch,preserve_on_delete=False,vif_name='tap<*>bf<*>-<*>')",1
6b6572a1,"Successfully unplugged vif VIFOpenVSwitch(active=False,address=fa:<*>:<*>e:<*>:<*>d:<*>,bridge_name='br-int',has_traffic_filtering=True,id=<*>,network=Network(<*>),plugin='ovs',port_profile=VIFPortProfileOpenVSwitch,preserve_on_delete=False,vif_name='tap<*>bf<*>-<*>')",3
78458db3,"Successfully plugged vif VIFOpenVSwitch(active=False,address=fa:<*>:<*>e:<*>:c<*>:<*>f,bridge_name='br-int',has_traffic_filtering=True,id=<*>,network=Network(<*>),plugin='ovs',port_profile=VIFPortProfileOpenVSwitch,preserve_on_delete=False,vif_name='tapd<*>d<*>b-ec')",1
1d97a2bd,"Successfully unplugged vif VIFOpenVSwitch(active=False,address=fa:<*>:<*>e:<*>:c<*>:<*>f,bridge_name='br-int',has_traffic_filtering=True,id=<*>,network=Network(<*>),plugin='ovs',port_profile=VIFPortProfileOpenVSwitch,preserve_on_delete=False,vif_name='tapd<*>d<*>b-ec')",2
53d165eb,"Successfully plugged vif VIFOpenVSwitch(active=False,address=fa:<*>:<*>e:<*>:<*>f:<*>,bridge_name='br-int',has_traffic_filtering=True,id=<*>,network=Network(<*>),plugin='ovs',port_profile=VIFPortProfileOpenVSwitch,preserve_on_delete=False,vif_name='tap<*>d<*>be<*>e-<*>')",1
4ee20c6f,"Successfully plugged vif VIFOpenVSwitch(active=False,address=fa:<*>:<*>e:<*>f:<*>:<*>a,bridge_name='br-int',has_traffic_filtering=True,id=<*>,network=Network(<*>),plugin='ovs',port_profile=VIFPortProfileOpenVSwitch,preserve_on_delete=False,vif_name='tape<*>c<*>f-df')",1
85f81488,"Successfully unplugged vif VIFOpenVSwitch(active=False,address=fa:<*>:<*>e:<*>f:<*>:<*>a,bridge_name='br-int',has_traffic_filtering=True,id=<*>,network=Network(<*>),plugin='ovs',port_profile=VIFPortProfileOpenVSwitch,preserve_on_delete=False,vif_name='tape<*>c<*>f-df')",3
3a1ad1b1,"Successfully plugged vif VIFOpenVSwitch(active=False,address=fa:<*>:<*>e:a<*>:a<*>:bb,bridge_name='br-int',has_traffic_filtering=True,id=<*>,network=Network(<*>),plugin='ovs',port_profile=VIFPortProfileOpenVSwitch,preserve_on_delete=False,vif_name='tap<*>c<*>fd-<*>')",1
35377e3c,"Successfully unplugged vif VIFOpenVSwitch(active=False,address=fa:<*>:<*>e:a<*>:a<*>:bb,bridge_name='br-int',has_traffic_filtering=True,id=<*>,network=Network(<*>),plugin='ovs',port_profile=VIFPortProfileOpenVSwitch,preserve_on_delete=False,vif_name='tap<*>c<*>fd-<*>')",3
d7b4eb9b,"Successfully plugged vif VIFOpenVSwitch(active=False,address=fa:<*>:<*>e:<*>:a<*>:ea,bridge_name='br-int',has_traffic_filtering=True,id=<*>,network=Network(<*>),plugin='ovs',port_profile=VIFPortProfileOpenVSwitch,preserve_on_delete=False,vif_name='tap<*>ecba<*>e-d<*>')",1
d68c61e0,"Successfully unplugged vif VIFOpenVSwitch(active=False,address=fa:<*>:<*>e:<*>:a<*>:ea,bridge_name='br-int',has_traffic_filtering=True,id=<*>,network=Network(<*>),plugin='ovs',port_profile=VIFPortProfileOpenVSwitch,preserve_on_delete=False,vif_name='tap<*>ecba<*>e-d<*>')",3
1439c83f,"Successfully plugged vif VIFOpenVSwitch(active=False,address=fa:<*>:<*>e:ff:<*>:<*>,bridge_name='br-int',has_traffic_filtering=True,id=<*>,network=Network(<*>),plugin='ovs',port_profile=VIFPortProfileOpenVSwitch,preserve_on_delete=False,vif_name='tap<*>d<*>f-<*>')",1
5e4e4d4f,"Successfully unplugged vif VIFOpenVSwitch(active=False,address=fa:<*>:<*>e:ff:<*>:<*>,bridge_name='br-int',has_traffic_filtering=True,id=<*>,network=Network(<*>),plugin='ovs',port_profile=VIFPortProfileOpenVSwitch,preserve_on_delete=False,vif_name='tap<*>d<*>f-<*>')",3
da3a1333,"Successfully plugged vif VIFOpenVSwitch(active=False,address=fa:<*>:<*>e:<*>:db:<*>,bridge_name='br-int',has_traffic_filtering=True,id=<*>,network=Network(<*>),plugin='ovs',port_profile=VIFPortProfileOpenVSwitch,preserve_on_delete=False,vif_name='tapf<*>e<*>-<*>')",1
cea83cf1,"Successfully unplugged vif VIFOpenVSwitch(active=False,address=fa:<*>:<*>e:<*>:db:<*>,bridge_name='br-int',has_traffic_filtering=True,id=<*>,network=Network(<*>),plugin='ovs',port_profile=VIFPortProfileOpenVSwitch,preserve_on_delete=False,vif_name='tapf<*>e<*>-<*>')",2
da4b6831,"Successfully unplugged vif VIFOpenVSwitch(active=False,address=fa:<*>:<*>e:cb:b<*>:<*>,bridge_name='br-int',has_traffic_filtering=True,id=<*>,network=Network(<*>),plugin='ovs',port_profile=VIFPortProfileOpenVSwitch,preserve_on_delete=False,vif_name='tap<*>fa<*>cb-<*>c')",1
533610ce,"Successfully plugged vif VIFOpenVSwitch(active=False,address=fa:<*>:<*>e:a<*>:d<*>:b<*>,bridge_name='br-int',has_traffic_filtering=True,id=<*>,network=Network(<*>),plugin='ovs',port_profile=VIFPortProfileOpenVSwitch,preserve_on_delete=False,vif_name='tap<*>da<*>c<*>-<*>')",1
9b186ea8,"Successfully unplugged vif VIFOpenVSwitch(active=False,address=fa:<*>:<*>e:a<*>:d<*>:b<*>,bridge_name='br-int',has_traffic_filtering=True,id=<*>,network=Network(<*>),plugin='ovs',port_profile=VIFPortProfileOpenVSwitch,preserve_on_delete=False,vif_name='tap<*>da<*>c<*>-<*>')",3
58f005aa,[instance: <*>] Instance failed to spawn: <*>Error: internal error: process exited while connecting to monitor,1
fb0b1232,[instance: <*>] Failed to build and run instance: <*>Error: internal error: process exited while connecting to monitor,1
196acef1,"Successfully plugged vif VIFOpenVSwitch(active=False,address=fa:<*>:<*>e:<*>:<*>:<*>e,bridge_name='br-int',has_traffic_filtering=True,id=<*>,network=Network(<*>),plugin='ovs',port_profile=VIFPortProfileOpenVSwitch,preserve_on_delete=False,vif_name='tapc<*>b<*>bde-<*>')",1
9ca27c24,"Successfully unplugged vif VIFOpenVSwitch(active=False,address=fa:<*>:<*>e:<*>:<*>:<*>e,bridge_name='br-int',has_traffic_filtering=True,id=<*>,network=Network(<*>),plugin='ovs',port_profile=VIFPortProfileOpenVSwitch,preserve_on_delete=False,vif_name='tapc<*>b<*>bde-<*>')",2
2624ebd9,"Successfully plugged vif VIFOpenVSwitch(active=False,address=fa:<*>:<*>e:<*>:<*>f:ee,bridge_name='br-int',has_traffic_filtering=True,id=<*>,network=Network(<*>),plugin='ovs',port_profile=VIFPortProfileOpenVSwitch,preserve_on_delete=False,vif_name='tap<*>e<*>b<*>b<*>f-e<*>')",1
e03a6131,"Successfully unplugged vif VIFOpenVSwitch(active=False,address=fa:<*>:<*>e:<*>:<*>f:ee,bridge_name='br-int',has_traffic_filtering=True,id=<*>,network=Network(<*>),plugin='ovs',port_profile=VIFPortProfileOpenVSwitch,preserve_on_delete=False,vif_name='tap<*>e<*>b<*>b<*>f-e<*>')",3
4a36dbb6,"Successfully unplugged vif VIFOpenVSwitch(active=False,address=fa:<*>:<*>e:<*>:<*>f:<*>,bridge_name='br-int',has_traffic_filtering=True,id=<*>,network=Network(<*>),plugin='ovs',port_profile=VIFPortProfileOpenVSwitch,preserve_on_delete=False,vif_name='tap<*>d<*>be<*>e-<*>')",1
38010e9f,"Successfully plugged vif VIFOpenVSwitch(active=False,address=fa:<*>:<*>e:f<*>:<*>:f<*>,bridge_name='br-int',has_traffic_filtering=True,id=<*>,network=Network(<*>),plugin='ovs',port_profile=VIFPortProfileOpenVSwitch,preserve_on_delete=False,vif_name='tap<*>eae<*>-fb')",1
1afbb236,"Successfully plugged vif VIFOpenVSwitch(active=False,address=fa:<*>:<*>e:<*>a:<*>e:<*>e,bridge_name='br-int',has_traffic_filtering=True,id=<*>,network=Network(<*>),plugin='ovs',port_profile=VIFPortProfileOpenVSwitch,preserve_on_delete=False,vif_name='tape<*>e<*>-c<*>')",1
d5194bb1,"Running privsep helper: ['sudo', 'nova-rootwrap', '<*>/<*>', 'privsep-helper', '--config-file', '<*>/<*>', '--privsep_context', <*> '--privsep_sock_path', '<*>/<*>']",2
932f24c8,"Successfully plugged vif VIFOpenVSwitch(active=False,address=fa:<*>:<*>e:<*>:a<*>:<*>e,bridge_name='br-int',has_traffic_filtering=True,id=<*>,network=Network(<*>),plugin='ovs',port_profile=VIFPortProfileOpenVSwitch,preserve_on_delete=False,vif_name='tap<*>def<*>c<*>-<*>')",1
c1516faa,"Successfully plugged vif VIFOpenVSwitch(active=False,address=fa:<*>:<*>e:<*>:<*>:d<*>,bridge_name='br-int',has_traffic_filtering=True,id=<*>,network=Network(<*>),plugin='ovs',port_profile=VIFPortProfileOpenVSwitch,preserve_on_delete=False,vif_name='tap<*>e<*>-ab')",1
fee57b98,"Successfully plugged vif VIFOpenVSwitch(active=False,address=fa:<*>:<*>e:ee:f<*>:d<*>,bridge_name='br-int',has_traffic_filtering=True,id=<*>,network=Network(<*>),plugin='ovs',port_profile=VIFPortProfileOpenVSwitch,preserve_on_delete=False,vif_name='tap<*>fa<*>-<*>')",1
bff4077a,"Successfully unplugged vif VIFOpenVSwitch(active=False,address=fa:<*>:<*>e:<*>:a<*>:<*>e,bridge_name='br-int',has_traffic_filtering=True,id=<*>,network=Network(<*>),plugin='ovs',port_profile=VIFPortProfileOpenVSwitch,preserve_on_delete=False,vif_name='tap<*>def<*>c<*>-<*>')",3
c973a6d1,"Successfully unplugged vif VIFOpenVSwitch(active=False,address=fa:<*>:<*>e:<*>:<*>:d<*>,bridge_name='br-int',has_traffic_filtering=True,id=<*>,network=Network(<*>),plugin='ovs',port_profile=VIFPortProfileOpenVSwitch,preserve_on_delete=False,vif_name='tap<*>e<*>-ab')",3
f4777d52,"Successfully unplugged vif VIFOpenVSwitch(active=False,address=fa:<*>:<*>e:ee:f<*>:d<*>,bridge_name='br-int',has_traffic_filtering=True,id=<*>,network=Network(<*>),plugin='ovs',port_profile=VIFPortProfileOpenVSwitch,preserve_on_delete=False,vif_name='tap<*>fa<*>-<*>')",3
0b135e9e,"Successfully plugged vif VIFOpenVSwitch(active=False,address=fa:<*>:<*>e:f<*>:<*>:fe,bridge_name='br-int',has_traffic_filtering=True,id=<*>,network=Network(<*>),plugin='ovs',port_profile=VIFPortProfileOpenVSwitch,preserve_on_delete=False,vif_name='tap<*>ca<*>f-<*>')",1
fdc20fcc,"Successfully unplugged vif VIFOpenVSwitch(active=False,address=fa:<*>:<*>e:f<*>:<*>:fe,bridge_name='br-int',has_traffic_filtering=True,id=<*>,network=Network(<*>),plugin='ovs',port_profile=VIFPortProfileOpenVSwitch,preserve_on_delete=False,vif_name='tap<*>ca<*>f-<*>')",3
7b9d9615,"Successfully plugged vif VIFOpenVSwitch(active=False,address=fa:<*>:<*>e:<*>:b<*>:<*>,bridge_name='br-int',has_traffic_filtering=True,id=<*>,network=Network(<*>),plugin='ovs',port_profile=VIFPortProfileOpenVSwitch,preserve_on_delete=False,vif_name='tap<*>da<*>b-<*>')",1
48127298,"Successfully plugged vif VIFOpenVSwitch(active=False,address=fa:<*>:<*>e:d<*>:<*>f:<*>,bridge_name='br-int',has_traffic_filtering=True,id=<*>,network=Network(<*>),plugin='ovs',port_profile=VIFPortProfileOpenVSwitch,preserve_on_delete=False,vif_name='tap<*>dc<*>a<*>-<*>')",1
9a3d0269,"Successfully unplugged vif VIFOpenVSwitch(active=False,address=fa:<*>:<*>e:<*>:b<*>:<*>,bridge_name='br-int',has_traffic_filtering=True,id=<*>,network=Network(<*>),plugin='ovs',port_profile=VIFPortProfileOpenVSwitch,preserve_on_delete=False,vif_name='tap<*>da<*>b-<*>')",3
81b1e345,"Successfully unplugged vif VIFOpenVSwitch(active=False,address=fa:<*>:<*>e:d<*>:<*>f:<*>,bridge_name='br-int',has_traffic_filtering=True,id=<*>,network=Network(<*>),plugin='ovs',port_profile=VIFPortProfileOpenVSwitch,preserve_on_delete=False,vif_name='tap<*>dc<*>a<*>-<*>')",3
abd1bc08,"Successfully plugged vif VIFOpenVSwitch(active=False,address=fa:<*>:<*>e:ce:<*>d:be,bridge_name='br-int',has_traffic_filtering=True,id=<*>,network=Network(<*>),plugin='ovs',port_profile=VIFPortProfileOpenVSwitch,preserve_on_delete=False,vif_name='tap<*>f<*>aa-<*>')",1
bb161f13,"Successfully unplugged vif VIFOpenVSwitch(active=False,address=fa:<*>:<*>e:ce:<*>d:be,bridge_name='br-int',has_traffic_filtering=True,id=<*>,network=Network(<*>),plugin='ovs',port_profile=VIFPortProfileOpenVSwitch,preserve_on_delete=False,vif_name='tap<*>f<*>aa-<*>')",3
13ccdd49,"Successfully plugged vif VIFOpenVSwitch(active=False,address=fa:<*>:<*>e:<*>f:<*>:<*>f,bridge_name='br-int',has_traffic_filtering=True,id=<*>,network=Network(<*>),plugin='ovs',port_profile=VIFPortProfileOpenVSwitch,preserve_on_delete=False,vif_name='tap<*>c<*>-<*>')",1
f0fdcbb9,"Successfully unplugged vif VIFOpenVSwitch(active=False,address=fa:<*>:<*>e:<*>f:<*>:<*>f,bridge_name='br-int',has_traffic_filtering=True,id=<*>,network=Network(<*>),plugin='ovs',port_profile=VIFPortProfileOpenVSwitch,preserve_on_delete=False,vif_name='tap<*>c<*>-<*>')",3
56871e67,"Successfully plugged vif VIFOpenVSwitch(active=False,address=fa:<*>:<*>e:c<*>:f<*>:<*>,bridge_name='br-int',has_traffic_filtering=True,id=<*>,network=Network(<*>),plugin='ovs',port_profile=VIFPortProfileOpenVSwitch,preserve_on_delete=False,vif_name='tap<*>a<*>ad-<*>f')",1
f3736ccd,"Successfully unplugged vif VIFOpenVSwitch(active=False,address=fa:<*>:<*>e:c<*>:f<*>:<*>,bridge_name='br-int',has_traffic_filtering=True,id=<*>,network=Network(<*>),plugin='ovs',port_profile=VIFPortProfileOpenVSwitch,preserve_on_delete=False,vif_name='tap<*>a<*>ad-<*>f')",3
b49ae327,"Successfully plugged vif VIFOpenVSwitch(active=False,address=fa:<*>:<*>e:<*>b:<*>b:<*>,bridge_name='br-int',has_traffic_filtering=True,id=<*>,network=Network(<*>),plugin='ovs',port_profile=VIFPortProfileOpenVSwitch,preserve_on_delete=False,vif_name='tapb<*>cd<*>d-<*>')",1
bccefde4,"Successfully unplugged vif VIFOpenVSwitch(active=False,address=fa:<*>:<*>e:<*>b:<*>b:<*>,bridge_name='br-int',has_traffic_filtering=True,id=<*>,network=Network(<*>),plugin='ovs',port_profile=VIFPortProfileOpenVSwitch,preserve_on_delete=False,vif_name='tapb<*>cd<*>d-<*>')",3
b757817e,"Successfully plugged vif VIFOpenVSwitch(active=False,address=fa:<*>:<*>e:d<*>:<*>:<*>,bridge_name='br-int',has_traffic_filtering=True,id=<*>,network=Network(<*>),plugin='ovs',port_profile=VIFPortProfileOpenVSwitch,preserve_on_delete=False,vif_name='tap<*>fa<*>b<*>f-<*>f')",1
1a95a3dd,"Successfully unplugged vif VIFOpenVSwitch(active=False,address=fa:<*>:<*>e:d<*>:<*>:<*>,bridge_name='br-int',has_traffic_filtering=True,id=<*>,network=Network(<*>),plugin='ovs',port_profile=VIFPortProfileOpenVSwitch,preserve_on_delete=False,vif_name='tap<*>fa<*>b<*>f-<*>f')",3
410be80b,"Successfully plugged vif VIFOpenVSwitch(active=False,address=fa:<*>:<*>e:<*>:<*>:f<*>,bridge_name='br-int',has_traffic_filtering=True,id=<*>,network=Network(<*>),plugin='ovs',port_profile=VIFPortProfileOpenVSwitch,preserve_on_delete=False,vif_name='tap<*>fb<*>e<*>ec-<*>b')",1
fc664f96,"Successfully unplugged vif VIFOpenVSwitch(active=False,address=fa:<*>:<*>e:<*>:<*>:f<*>,bridge_name='br-int',has_traffic_filtering=True,id=<*>,network=Network(<*>),plugin='ovs',port_profile=VIFPortProfileOpenVSwitch,preserve_on_delete=False,vif_name='tap<*>fb<*>e<*>ec-<*>b')",3
c6994019,"Successfully plugged vif VIFOpenVSwitch(active=False,address=fa:<*>:<*>e:<*>f:ed:d<*>,bridge_name='br-int',has_traffic_filtering=True,id=<*>,network=Network(<*>),plugin='ovs',port_profile=VIFPortProfileOpenVSwitch,preserve_on_delete=False,vif_name='tap<*>e<*>d<*>-<*>')",1
6c37a96a,"Successfully unplugged vif VIFOpenVSwitch(active=False,address=fa:<*>:<*>e:<*>f:ed:d<*>,bridge_name='br-int',has_traffic_filtering=True,id=<*>,network=Network(<*>),plugin='ovs',port_profile=VIFPortProfileOpenVSwitch,preserve_on_delete=False,vif_name='tap<*>e<*>d<*>-<*>')",3
5f4e6c71,"Successfully plugged vif VIFOpenVSwitch(active=False,address=fa:<*>:<*>e:<*>:<*>:<*>f,bridge_name='br-int',has_traffic_filtering=True,id=<*>,network=Network(<*>),plugin='ovs',port_profile=VIFPortProfileOpenVSwitch,preserve_on_delete=False,vif_name='tap<*>ec<*>-<*>')",1
05b8a4d1,"Successfully unplugged vif VIFOpenVSwitch(active=False,address=fa:<*>:<*>e:<*>:<*>:<*>f,bridge_name='br-int',has_traffic_filtering=True,id=<*>,network=Network(<*>),plugin='ovs',port_profile=VIFPortProfileOpenVSwitch,preserve_on_delete=False,vif_name='tap<*>ec<*>-<*>')",3
7b6d5845,"Successfully plugged vif VIFOpenVSwitch(active=False,address=fa:<*>:<*>e:<*>:<*>c:d<*>,bridge_name='br-int',has_traffic_filtering=True,id=<*>,network=Network(<*>),plugin='ovs',port_profile=VIFPortProfileOpenVSwitch,preserve_on_delete=False,vif_name='tap<*>ec<*>f-bc')",1
5de93784,"Successfully unplugged vif VIFOpenVSwitch(active=False,address=fa:<*>:<*>e:<*>:<*>c:d<*>,bridge_name='br-int',has_traffic_filtering=True,id=<*>,network=Network(<*>),plugin='ovs',port_profile=VIFPortProfileOpenVSwitch,preserve_on_delete=False,vif_name='tap<*>ec<*>f-bc')",3
eaf8efa1,"Successfully plugged vif VIFOpenVSwitch(active=False,address=fa:<*>:<*>e:<*>a:<*>b:<*>,bridge_name='br-int',has_traffic_filtering=True,id=<*>,network=Network(<*>),plugin='ovs',port_profile=VIFPortProfileOpenVSwitch,preserve_on_delete=False,vif_name='tapcf<*>a<*>a-<*>c')",1
cafb8c58,"Successfully unplugged vif VIFOpenVSwitch(active=False,address=fa:<*>:<*>e:<*>a:<*>b:<*>,bridge_name='br-int',has_traffic_filtering=True,id=<*>,network=Network(<*>),plugin='ovs',port_profile=VIFPortProfileOpenVSwitch,preserve_on_delete=False,vif_name='tapcf<*>a<*>a-<*>c')",3
2da9499f,"Successfully plugged vif VIFOpenVSwitch(active=False,address=fa:<*>:<*>e:<*>:<*>e:<*>f,bridge_name='br-int',has_traffic_filtering=True,id=<*>,network=Network(<*>),plugin='ovs',port_profile=VIFPortProfileOpenVSwitch,preserve_on_delete=False,vif_name='tapbf<*>ba<*>-<*>a')",1
1ca5a9b6,"Successfully unplugged vif VIFOpenVSwitch(active=False,address=fa:<*>:<*>e:<*>:<*>e:<*>f,bridge_name='br-int',has_traffic_filtering=True,id=<*>,network=Network(<*>),plugin='ovs',port_profile=VIFPortProfileOpenVSwitch,preserve_on_delete=False,vif_name='tapbf<*>ba<*>-<*>a')",3
30ea9754,"Successfully plugged vif VIFOpenVSwitch(active=False,address=fa:<*>:<*>e:<*>:<*>:<*>b,bridge_name='br-int',has_traffic_filtering=True,id=<*>,network=Network(<*>),plugin='ovs',port_profile=VIFPortProfileOpenVSwitch,preserve_on_delete=False,vif_name='tap<*>f<*>-ea')",1
9abac9a8,"Successfully unplugged vif VIFOpenVSwitch(active=False,address=fa:<*>:<*>e:<*>:<*>:<*>b,bridge_name='br-int',has_traffic_filtering=True,id=<*>,network=Network(<*>),plugin='ovs',port_profile=VIFPortProfileOpenVSwitch,preserve_on_delete=False,vif_name='tap<*>f<*>-ea')",3
04f2b9da,"Successfully plugged vif VIFOpenVSwitch(active=False,address=fa:<*>:<*>e:a<*>:<*>d:<*>,bridge_name='br-int',has_traffic_filtering=True,id=<*>,network=Network(<*>),plugin='ovs',port_profile=VIFPortProfileOpenVSwitch,preserve_on_delete=False,vif_name='tapa<*>b<*>f<*>-e<*>')",1
62e1c9fb,"Successfully unplugged vif VIFOpenVSwitch(active=False,address=fa:<*>:<*>e:a<*>:<*>d:<*>,bridge_name='br-int',has_traffic_filtering=True,id=<*>,network=Network(<*>),plugin='ovs',port_profile=VIFPortProfileOpenVSwitch,preserve_on_delete=False,vif_name='tapa<*>b<*>f<*>-e<*>')",3
0818d79f,"Successfully plugged vif VIFOpenVSwitch(active=False,address=fa:<*>:<*>e:<*>:<*>:<*>,bridge_name='br-int',has_traffic_filtering=True,id=<*>,network=Network(<*>),plugin='ovs',port_profile=VIFPortProfileOpenVSwitch,preserve_on_delete=False,vif_name='tape<*>b<*>ad-fa')",1
caabc0b3,"Successfully unplugged vif VIFOpenVSwitch(active=False,address=fa:<*>:<*>e:<*>:<*>:<*>,bridge_name='br-int',has_traffic_filtering=True,id=<*>,network=Network(<*>),plugin='ovs',port_profile=VIFPortProfileOpenVSwitch,preserve_on_delete=False,vif_name='tape<*>b<*>ad-fa')",3
c87ddea7,"Successfully plugged vif VIFOpenVSwitch(active=False,address=fa:<*>:<*>e:fa:<*>:<*>e,bridge_name='br-int',has_traffic_filtering=True,id=<*>,network=Network(<*>),plugin='ovs',port_profile=VIFPortProfileOpenVSwitch,preserve_on_delete=False,vif_name='tap<*>d<*>ff<*>ce-ff')",1
a07d1ecf,"Successfully unplugged vif VIFOpenVSwitch(active=False,address=fa:<*>:<*>e:fa:<*>:<*>e,bridge_name='br-int',has_traffic_filtering=True,id=<*>,network=Network(<*>),plugin='ovs',port_profile=VIFPortProfileOpenVSwitch,preserve_on_delete=False,vif_name='tap<*>d<*>ff<*>ce-ff')",3
3d475d7c,"Successfully plugged vif VIFOpenVSwitch(active=False,address=fa:<*>:<*>e:<*>:<*>:<*>d,bridge_name='br-int',has_traffic_filtering=True,id=<*>,network=Network(<*>),plugin='ovs',port_profile=VIFPortProfileOpenVSwitch,preserve_on_delete=False,vif_name='tap<*>b<*>-f<*>')",1
ba572285,"Successfully unplugged vif VIFOpenVSwitch(active=False,address=fa:<*>:<*>e:<*>:<*>:<*>d,bridge_name='br-int',has_traffic_filtering=True,id=<*>,network=Network(<*>),plugin='ovs',port_profile=VIFPortProfileOpenVSwitch,preserve_on_delete=False,vif_name='tap<*>b<*>-f<*>')",3
fdab359c,"Successfully plugged vif VIFOpenVSwitch(active=False,address=fa:<*>:<*>e:aa:<*>:e<*>,bridge_name='br-int',has_traffic_filtering=True,id=<*>,network=Network(<*>),plugin='ovs',port_profile=VIFPortProfileOpenVSwitch,preserve_on_delete=False,vif_name='tap<*>c<*>fc<*>-<*>')",1
8181b3b9,"Successfully unplugged vif VIFOpenVSwitch(active=False,address=fa:<*>:<*>e:aa:<*>:e<*>,bridge_name='br-int',has_traffic_filtering=True,id=<*>,network=Network(<*>),plugin='ovs',port_profile=VIFPortProfileOpenVSwitch,preserve_on_delete=False,vif_name='tap<*>c<*>fc<*>-<*>')",3
053c892f,"Successfully plugged vif VIFOpenVSwitch(active=False,address=fa:<*>:<*>e:<*>:b<*>:<*>a,bridge_name='br-int',has_traffic_filtering=True,id=<*>,network=Network(<*>),plugin='ovs',port_profile=VIFPortProfileOpenVSwitch,preserve_on_delete=False,vif_name='tap<*>adb<*>-<*>f')",1
6834ca7e,"Successfully unplugged vif VIFOpenVSwitch(active=False,address=fa:<*>:<*>e:<*>:b<*>:<*>a,bridge_name='br-int',has_traffic_filtering=True,id=<*>,network=Network(<*>),plugin='ovs',port_profile=VIFPortProfileOpenVSwitch,preserve_on_delete=False,vif_name='tap<*>adb<*>-<*>f')",3
cfeeb282,"Successfully plugged vif VIFOpenVSwitch(active=False,address=fa:<*>:<*>e:a<*>:<*>a:<*>f,bridge_name='br-int',has_traffic_filtering=True,id=<*>,network=Network(<*>),plugin='ovs',port_profile=VIFPortProfileOpenVSwitch,preserve_on_delete=False,vif_name='tap<*>cc<*>c<*>f<*>-<*>b')",1
022f0b50,"Successfully unplugged vif VIFOpenVSwitch(active=False,address=fa:<*>:<*>e:a<*>:<*>a:<*>f,bridge_name='br-int',has_traffic_filtering=True,id=<*>,network=Network(<*>),plugin='ovs',port_profile=VIFPortProfileOpenVSwitch,preserve_on_delete=False,vif_name='tap<*>cc<*>c<*>f<*>-<*>b')",3
a7127c25,"Successfully plugged vif VIFOpenVSwitch(active=False,address=fa:<*>:<*>e:<*>:c<*>:<*>e,bridge_name='br-int',has_traffic_filtering=True,id=<*>,network=Network(<*>),plugin='ovs',port_profile=VIFPortProfileOpenVSwitch,preserve_on_delete=False,vif_name='tap<*>e<*>e<*>-<*>b')",1
da5199e6,"Successfully unplugged vif VIFOpenVSwitch(active=False,address=fa:<*>:<*>e:<*>:c<*>:<*>e,bridge_name='br-int',has_traffic_filtering=True,id=<*>,network=Network(<*>),plugin='ovs',port_profile=VIFPortProfileOpenVSwitch,preserve_on_delete=False,vif_name='tap<*>e<*>e<*>-<*>b')",3
423d5722,"Successfully plugged vif VIFOpenVSwitch(active=False,address=fa:<*>:<*>e:<*>:d<*>:<*>e,bridge_name='br-int',has_traffic_filtering=True,id=<*>,network=Network(<*>),plugin='ovs',port_profile=VIFPortProfileOpenVSwitch,preserve_on_delete=False,vif_name='tapd<*>e<*>f-c<*>')",1
a4f8ee5d,"Successfully unplugged vif VIFOpenVSwitch(active=False,address=fa:<*>:<*>e:<*>:d<*>:<*>e,bridge_name='br-int',has_traffic_filtering=True,id=<*>,network=Network(<*>),plugin='ovs',port_profile=VIFPortProfileOpenVSwitch,preserve_on_delete=False,vif_name='tapd<*>e<*>f-c<*>')",3
8b2393cf,"Successfully plugged vif VIFOpenVSwitch(active=False,address=fa:<*>:<*>e:<*>f:<*>:de,bridge_name='br-int',has_traffic_filtering=True,id=<*>,network=Network(<*>),plugin='ovs',port_profile=VIFPortProfileOpenVSwitch,preserve_on_delete=False,vif_name='tape<*>b<*>e<*>-<*>')",1
3c88502e,"Successfully unplugged vif VIFOpenVSwitch(active=False,address=fa:<*>:<*>e:<*>f:<*>:de,bridge_name='br-int',has_traffic_filtering=True,id=<*>,network=Network(<*>),plugin='ovs',port_profile=VIFPortProfileOpenVSwitch,preserve_on_delete=False,vif_name='tape<*>b<*>e<*>-<*>')",3
0f6e8b3f,"Successfully plugged vif VIFOpenVSwitch(active=False,address=fa:<*>:<*>e:<*>:<*>c:fc,bridge_name='br-int',has_traffic_filtering=True,id=<*>,network=Network(<*>),plugin='ovs',port_profile=VIFPortProfileOpenVSwitch,preserve_on_delete=False,vif_name='tapf<*>bea<*>f-a<*>')",1
65195601,"Successfully unplugged vif VIFOpenVSwitch(active=False,address=fa:<*>:<*>e:<*>:<*>c:fc,bridge_name='br-int',has_traffic_filtering=True,id=<*>,network=Network(<*>),plugin='ovs',port_profile=VIFPortProfileOpenVSwitch,preserve_on_delete=False,vif_name='tapf<*>bea<*>f-a<*>')",3
62995711,"Successfully plugged vif VIFOpenVSwitch(active=False,address=fa:<*>:<*>e:ca:<*>:<*>d,bridge_name='br-int',has_traffic_filtering=True,id=<*>,network=Network(<*>),plugin='ovs',port_profile=VIFPortProfileOpenVSwitch,preserve_on_delete=False,vif_name='tap<*>c<*>cde<*>-<*>b')",1
4881b3bb,"Successfully unplugged vif VIFOpenVSwitch(active=False,address=fa:<*>:<*>e:ca:<*>:<*>d,bridge_name='br-int',has_traffic_filtering=True,id=<*>,network=Network(<*>),plugin='ovs',port_profile=VIFPortProfileOpenVSwitch,preserve_on_delete=False,vif_name='tap<*>c<*>cde<*>-<*>b')",3
cf7db33f,"Successfully plugged vif VIFOpenVSwitch(active=False,address=fa:<*>:<*>e:<*>b:<*>e:<*>,bridge_name='br-int',has_traffic_filtering=True,id=<*>,network=Network(<*>),plugin='ovs',port_profile=VIFPortProfileOpenVSwitch,preserve_on_delete=False,vif_name='tap<*>-<*>')",1
3b9abb06,"Successfully unplugged vif VIFOpenVSwitch(active=False,address=fa:<*>:<*>e:<*>b:<*>e:<*>,bridge_name='br-int',has_traffic_filtering=True,id=<*>,network=Network(<*>),plugin='ovs',port_profile=VIFPortProfileOpenVSwitch,preserve_on_delete=False,vif_name='tap<*>-<*>')",3
b4d0cc65,"Successfully plugged vif VIFOpenVSwitch(active=False,address=fa:<*>:<*>e:<*>:<*>:<*>,bridge_name='br-int',has_traffic_filtering=True,id=<*>,network=Network(<*>),plugin='ovs',port_profile=VIFPortProfileOpenVSwitch,preserve_on_delete=False,vif_name='tapfb<*>-<*>')",1
aef71506,"Successfully unplugged vif VIFOpenVSwitch(active=False,address=fa:<*>:<*>e:<*>:<*>:<*>,bridge_name='br-int',has_traffic_filtering=True,id=<*>,network=Network(<*>),plugin='ovs',port_profile=VIFPortProfileOpenVSwitch,preserve_on_delete=False,vif_name='tapfb<*>-<*>')",3
c5226109,"Successfully plugged vif VIFOpenVSwitch(active=False,address=fa:<*>:<*>e:<*>:a<*>:<*>,bridge_name='br-int',has_traffic_filtering=True,id=<*>,network=Network(<*>),plugin='ovs',port_profile=VIFPortProfileOpenVSwitch,preserve_on_delete=False,vif_name='tap<*>cf<*>b<*>-<*>d')",1
ad9a6790,"Successfully unplugged vif VIFOpenVSwitch(active=False,address=fa:<*>:<*>e:<*>:a<*>:<*>,bridge_name='br-int',has_traffic_filtering=True,id=<*>,network=Network(<*>),plugin='ovs',port_profile=VIFPortProfileOpenVSwitch,preserve_on_delete=False,vif_name='tap<*>cf<*>b<*>-<*>d')",3
a103f352,"Successfully plugged vif VIFOpenVSwitch(active=False,address=fa:<*>:<*>e:<*>:f<*>:<*>,bridge_name='br-int',has_traffic_filtering=True,id=<*>,network=Network(<*>),plugin='ovs',port_profile=VIFPortProfileOpenVSwitch,preserve_on_delete=False,vif_name='tapd<*>df-<*>b')",1
93e40f6a,"Successfully unplugged vif VIFOpenVSwitch(active=False,address=fa:<*>:<*>e:<*>:f<*>:<*>,bridge_name='br-int',has_traffic_filtering=True,id=<*>,network=Network(<*>),plugin='ovs',port_profile=VIFPortProfileOpenVSwitch,preserve_on_delete=False,vif_name='tapd<*>df-<*>b')",3
ded9f9e3,"Successfully plugged vif VIFOpenVSwitch(active=False,address=fa:<*>:<*>e:<*>:e<*>:<*>,bridge_name='br-int',has_traffic_filtering=True,id=<*>,network=Network(<*>),plugin='ovs',port_profile=VIFPortProfileOpenVSwitch,preserve_on_delete=False,vif_name='tap<*>f<*>f<*>-<*>f')",1
5a6bbf38,"Successfully unplugged vif VIFOpenVSwitch(active=False,address=fa:<*>:<*>e:<*>:e<*>:<*>,bridge_name='br-int',has_traffic_filtering=True,id=<*>,network=Network(<*>),plugin='ovs',port_profile=VIFPortProfileOpenVSwitch,preserve_on_delete=False,vif_name='tap<*>f<*>f<*>-<*>f')",3
6c041a60,"Successfully plugged vif VIFOpenVSwitch(active=False,address=fa:<*>:<*>e:cf:f<*>:<*>d,bridge_name='br-int',has_traffic_filtering=True,id=<*>,network=Network(<*>),plugin='ovs',port_profile=VIFPortProfileOpenVSwitch,preserve_on_delete=False,vif_name='tap<*>e<*>c<*>a<*>-c<*>')",1
8db6740b,"Successfully unplugged vif VIFOpenVSwitch(active=False,address=fa:<*>:<*>e:cf:f<*>:<*>d,bridge_name='br-int',has_traffic_filtering=True,id=<*>,network=Network(<*>),plugin='ovs',port_profile=VIFPortProfileOpenVSwitch,preserve_on_delete=False,vif_name='tap<*>e<*>c<*>a<*>-c<*>')",3
85cd3d92,"Successfully plugged vif VIFOpenVSwitch(active=False,address=fa:<*>:<*>e:f<*>:ea:bc,bridge_name='br-int',has_traffic_filtering=True,id=<*>,network=Network(<*>),plugin='ovs',port_profile=VIFPortProfileOpenVSwitch,preserve_on_delete=False,vif_name='tap<*>b<*>-<*>d')",1
52a2ba8f,"Successfully unplugged vif VIFOpenVSwitch(active=False,address=fa:<*>:<*>e:f<*>:ea:bc,bridge_name='br-int',has_traffic_filtering=True,id=<*>,network=Network(<*>),plugin='ovs',port_profile=VIFPortProfileOpenVSwitch,preserve_on_delete=False,vif_name='tap<*>b<*>-<*>d')",3
89156722,"Successfully plugged vif VIFOpenVSwitch(active=False,address=fa:<*>:<*>e:<*>:<*>f:<*>,bridge_name='br-int',has_traffic_filtering=True,id=<*>,network=Network(<*>),plugin='ovs',port_profile=VIFPortProfileOpenVSwitch,preserve_on_delete=False,vif_name='tap<*>ec<*>-<*>')",1
f1c5c7f8,"Successfully unplugged vif VIFOpenVSwitch(active=False,address=fa:<*>:<*>e:<*>:<*>f:<*>,bridge_name='br-int',has_traffic_filtering=True,id=<*>,network=Network(<*>),plugin='ovs',port_profile=VIFPortProfileOpenVSwitch,preserve_on_delete=False,vif_name='tap<*>ec<*>-<*>')",3
af5fb81c,"Successfully plugged vif VIFOpenVSwitch(active=False,address=fa:<*>:<*>e:<*>:<*>:a<*>,bridge_name='br-int',has_traffic_filtering=True,id=<*>,network=Network(<*>),plugin='ovs',port_profile=VIFPortProfileOpenVSwitch,preserve_on_delete=False,vif_name='tap<*>a<*>a-f<*>')",1
d08f5496,"Successfully unplugged vif VIFOpenVSwitch(active=False,address=fa:<*>:<*>e:<*>:<*>:a<*>,bridge_name='br-int',has_traffic_filtering=True,id=<*>,network=Network(<*>),plugin='ovs',port_profile=VIFPortProfileOpenVSwitch,preserve_on_delete=False,vif_name='tap<*>a<*>a-f<*>')",3
ef4665fa,"Successfully plugged vif VIFOpenVSwitch(active=False,address=fa:<*>:<*>e:<*>:ac:<*>f,bridge_name='br-int',has_traffic_filtering=True,id=<*>,network=Network(<*>),plugin='ovs',port_profile=VIFPortProfileOpenVSwitch,preserve_on_delete=False,vif_name='tapfeb<*>-<*>')",1
e039931b,"Successfully unplugged vif VIFOpenVSwitch(active=False,address=fa:<*>:<*>e:<*>:ac:<*>f,bridge_name='br-int',has_traffic_filtering=True,id=<*>,network=Network(<*>),plugin='ovs',port_profile=VIFPortProfileOpenVSwitch,preserve_on_delete=False,vif_name='tapfeb<*>-<*>')",3
b4057b28,"Successfully plugged vif VIFOpenVSwitch(active=False,address=fa:<*>:<*>e:<*>:<*>b:ef,bridge_name='br-int',has_traffic_filtering=True,id=<*>,network=Network(<*>),plugin='ovs',port_profile=VIFPortProfileOpenVSwitch,preserve_on_delete=False,vif_name='tapdfee<*>e-<*>a')",1
bce0e57a,"Successfully unplugged vif VIFOpenVSwitch(active=False,address=fa:<*>:<*>e:<*>:<*>b:ef,bridge_name='br-int',has_traffic_filtering=True,id=<*>,network=Network(<*>),plugin='ovs',port_profile=VIFPortProfileOpenVSwitch,preserve_on_delete=False,vif_name='tapdfee<*>e-<*>a')",3
65940e9d,"Successfully plugged vif VIFOpenVSwitch(active=False,address=fa:<*>:<*>e:be:<*>:b<*>,bridge_name='br-int',has_traffic_filtering=True,id=<*>,network=Network(<*>),plugin='ovs',port_profile=VIFPortProfileOpenVSwitch,preserve_on_delete=False,vif_name='tap<*>b<*>fa<*>-bf')",1
02e48cef,"Successfully unplugged vif VIFOpenVSwitch(active=False,address=fa:<*>:<*>e:be:<*>:b<*>,bridge_name='br-int',has_traffic_filtering=True,id=<*>,network=Network(<*>),plugin='ovs',port_profile=VIFPortProfileOpenVSwitch,preserve_on_delete=False,vif_name='tap<*>b<*>fa<*>-bf')",3
931499a4,"Successfully plugged vif VIFOpenVSwitch(active=False,address=fa:<*>:<*>e:b<*>:ae:c<*>,bridge_name='br-int',has_traffic_filtering=True,id=<*>,network=Network(<*>),plugin='ovs',port_profile=VIFPortProfileOpenVSwitch,preserve_on_delete=False,vif_name='tap<*>abd<*>b<*>-<*>')",1
760c6707,"Successfully unplugged vif VIFOpenVSwitch(active=False,address=fa:<*>:<*>e:b<*>:ae:c<*>,bridge_name='br-int',has_traffic_filtering=True,id=<*>,network=Network(<*>),plugin='ovs',port_profile=VIFPortProfileOpenVSwitch,preserve_on_delete=False,vif_name='tap<*>abd<*>b<*>-<*>')",3
a84c4f18,"Successfully plugged vif VIFOpenVSwitch(active=False,address=fa:<*>:<*>e:<*>:df:e<*>,bridge_name='br-int',has_traffic_filtering=True,id=<*>,network=Network(<*>),plugin='ovs',port_profile=VIFPortProfileOpenVSwitch,preserve_on_delete=False,vif_name='tap<*>d<*>cb<*>c-<*>b')",1
1c18201a,"Successfully unplugged vif VIFOpenVSwitch(active=False,address=fa:<*>:<*>e:<*>:df:e<*>,bridge_name='br-int',has_traffic_filtering=True,id=<*>,network=Network(<*>),plugin='ovs',port_profile=VIFPortProfileOpenVSwitch,preserve_on_delete=False,vif_name='tap<*>d<*>cb<*>c-<*>b')",3
5b559c17,"Successfully plugged vif VIFOpenVSwitch(active=False,address=fa:<*>:<*>e:e<*>:d<*>:<*>,bridge_name='br-int',has_traffic_filtering=True,id=<*>,network=Network(<*>),plugin='ovs',port_profile=VIFPortProfileOpenVSwitch,preserve_on_delete=False,vif_name='tapd<*>bffb<*>-b<*>')",1
5488da6b,"Successfully unplugged vif VIFOpenVSwitch(active=False,address=fa:<*>:<*>e:e<*>:d<*>:<*>,bridge_name='br-int',has_traffic_filtering=True,id=<*>,network=Network(<*>),plugin='ovs',port_profile=VIFPortProfileOpenVSwitch,preserve_on_delete=False,vif_name='tapd<*>bffb<*>-b<*>')",3
cfab6d80,"Successfully plugged vif VIFOpenVSwitch(active=False,address=fa:<*>:<*>e:b<*>:<*>:<*>c,bridge_name='br-int',has_traffic_filtering=True,id=<*>,network=Network(<*>),plugin='ovs',port_profile=VIFPortProfileOpenVSwitch,preserve_on_delete=False,vif_name='tap<*>dc<*>a<*>-<*>b')",1
4908966e,"Successfully unplugged vif VIFOpenVSwitch(active=False,address=fa:<*>:<*>e:b<*>:<*>:<*>c,bridge_name='br-int',has_traffic_filtering=True,id=<*>,network=Network(<*>),plugin='ovs',port_profile=VIFPortProfileOpenVSwitch,preserve_on_delete=False,vif_name='tap<*>dc<*>a<*>-<*>b')",3
0f9ba690,"Successfully plugged vif VIFOpenVSwitch(active=False,address=fa:<*>:<*>e:d<*>:<*>:<*>f,bridge_name='br-int',has_traffic_filtering=True,id=<*>,network=Network(<*>),plugin='ovs',port_profile=VIFPortProfileOpenVSwitch,preserve_on_delete=False,vif_name='tap<*>c<*>be<*>-b<*>')",1
3865ab71,"Successfully unplugged vif VIFOpenVSwitch(active=False,address=fa:<*>:<*>e:d<*>:<*>:<*>f,bridge_name='br-int',has_traffic_filtering=True,id=<*>,network=Network(<*>),plugin='ovs',port_profile=VIFPortProfileOpenVSwitch,preserve_on_delete=False,vif_name='tap<*>c<*>be<*>-b<*>')",3
42273ddd,"Successfully plugged vif VIFOpenVSwitch(active=False,address=fa:<*>:<*>e:<*>:<*>:b<*>,bridge_name='br-int',has_traffic_filtering=True,id=<*>,network=Network(<*>),plugin='ovs',port_profile=VIFPortProfileOpenVSwitch,preserve_on_delete=False,vif_name='tap<*>ff-<*>')",1
1fc67ea5,"Successfully unplugged vif VIFOpenVSwitch(active=False,address=fa:<*>:<*>e:<*>:<*>:b<*>,bridge_name='br-int',has_traffic_filtering=True,id=<*>,network=Network(<*>),plugin='ovs',port_profile=VIFPortProfileOpenVSwitch,preserve_on_delete=False,vif_name='tap<*>ff-<*>')",3
8751fe55,"Successfully plugged vif VIFOpenVSwitch(active=False,address=fa:<*>:<*>e:ad:fc:<*>f,bridge_name='br-int',has_traffic_filtering=True,id=<*>,network=Network(<*>),plugin='ovs',port_profile=VIFPortProfileOpenVSwitch,preserve_on_delete=False,vif_name='tap<*>ce<*>e-<*>f')",1
